Record_ID,Panel_Code,Timestamp_UTC,Fault_Type,Severity,Confidence,Cell_Row,Cell_Col,Max_Temp_C,Delta_T_C,Status,Primary_Cause,Recommended_Action
1,PNL-A1-01,2026-09-26T19:56:14.754283,Normal,Normal,0.954,N/A,N/A,41.1,13.1,Resolved,PV module operating within nominal nominal operating cell temperature (NOCT) parameters.,No corrective maintenance required. Maintain regular quarterly thermographic and visual flyover inspection schedule.
2,PNL-A1-02,2026-09-27T06:56:14.776680,Hot Spot,Critical,0.893,4,1,86.2,58.2,Pending,Localized cell internal short-circuit or microcrack causing reverse bias heating.,Immediate thermal audit. Disconnect string from combiner box if Delta-T > 25°C. Check bypass diodes with forward-bias multimeter. Replace module if cell shunting is irreparable.
3,PNL-A1-03,2026-09-26T16:56:14.797295,Micro Crack,Critical,0.875,2,6,51.4,23.4,Pending,"Mechanical stress from heavy wind loads, hailstorms, or improper foot traffic during installation.",Perform Electroluminescence (EL) imaging to check crack branch continuity. Monitor localized temperature for hot spot initiation. Seal with anti-degradation laminate or plan module replacement in next scheduled overhaul.
4,PNL-A1-04,2026-09-28T00:56:15.091599,Dust & Soiling,High,0.977,3,7,45.4,17.4,Pending,"Atmospheric particulate deposition, desert dust, pollen, agricultural dust, or vehicular exhaust accumulation.",Deploy automated or semi-automated cleaning robots with demineralized water and soft rotating brushes. Avoid abrasive chemicals and daytime thermal shock washing.
5,PNL-A1-05,2026-09-28T01:56:15.112514,Bird Dropping,Critical,0.939,2,2,63.7,35.7,Pending,Avian activity on array perimeters or absence of bird deterrent spikes/wires on PV mounting racks.,Targeted spot cleaning using biodegradable non-abrasive detergent and microfiber wipe. Install bird deterrent spikes or ultrasonic repellers on array mounting perimeters.
6,PNL-A1-06,2026-09-28T08:56:15.133277,Physical Damage,Critical,0.922,1,10,78.2,50.2,Pending,"Severe hail strike, projectile impact, vandalism, or structural collapse of mounting tracker.",De-energize module string immediately! Lockout/tagout (LOTO) procedures. Safely remove shattered panel wearing personal protective equipment (PPE). Replace with matching IV-curve rated module.
7,PNL-A2-01,2026-09-28T16:56:15.152465,Discoloration,Critical,0.922,6,1,51.1,23.1,Pending,"Ethylene Vinyl Acetate (EVA) encapsulant browning caused by UV exposure, high humidity, and poor additive formulation.",Measure IV-curve fill factor to evaluate resistance changes. Conduct EL inspection to map microcrack root causes. Log degradation rate into predictive maintenance registry.
8,PNL-A2-02,2026-09-28T06:56:15.172095,Cell Defect,Critical,0.878,3,7,60.4,32.4,Pending,"Silicon ingot crystal impurities, wafer dislocation clusters, or metallization peel-off.","Perform anti-PID voltage reversal during nighttime if PID suspected. If crystallographic dead cell, replace bypass diode or bypass panel."
9,PNL-A2-03,2026-09-28T10:56:15.192973,Partial Shading,Critical,0.907,2,10,52.6,24.6,Pending,"Vegetation overgrowth (trees, weeds), nearby structures, overhead transmission lines, or inter-row tracker shading.",Trim surrounding vegetation. Re-calibrate tracker azimuth and tilt angles. Consider Module-Level Power Electronics (MLPE) such as DC optimizers to mitigate mismatch.
10,PNL-A2-04,2026-09-26T11:56:15.217350,Electrical Anomaly,Critical,0.958,4,8,86.4,58.4,Pending,Failed or shorted bypass diode in junction box.,Perform open-circuit voltage (Voc) and short-circuit current (Isc) string test. Open junction box (when de-energized) to check diode integrity with DMM. Inspect MC4 connectors with thermal camera.
11,PNL-A2-05,2026-09-27T23:56:15.235873,Normal,Normal,0.959,N/A,N/A,41.1,13.1,Resolved,PV module operating within nominal nominal operating cell temperature (NOCT) parameters.,No corrective maintenance required. Maintain regular quarterly thermographic and visual flyover inspection schedule.
12,PNL-A2-06,2026-09-26T23:56:15.255551,Hot Spot,Critical,0.91,3,6,83.5,55.5,Pending,Localized cell internal short-circuit or microcrack causing reverse bias heating.,Immediate thermal audit. Disconnect string from combiner box if Delta-T > 25°C. Check bypass diodes with forward-bias multimeter. Replace module if cell shunting is irreparable.
13,PNL-B3-01,2026-09-26T09:56:15.279824,Dust & Soiling,High,0.924,5,1,47.6,19.6,Pending,"Atmospheric particulate deposition, desert dust, pollen, agricultural dust, or vehicular exhaust accumulation.",Deploy automated or semi-automated cleaning robots with demineralized water and soft rotating brushes. Avoid abrasive chemicals and daytime thermal shock washing.
14,PNL-B3-02,2026-09-27T21:56:15.299246,Normal,Normal,0.989,N/A,N/A,40.7,12.7,Resolved,PV module operating within nominal nominal operating cell temperature (NOCT) parameters.,No corrective maintenance required. Maintain regular quarterly thermographic and visual flyover inspection schedule.
15,PNL-B3-03,2026-09-28T03:56:15.319479,Micro Crack,Critical,0.968,1,7,57.1,29.1,Pending,"Mechanical stress from heavy wind loads, hailstorms, or improper foot traffic during installation.",Perform Electroluminescence (EL) imaging to check crack branch continuity. Monitor localized temperature for hot spot initiation. Seal with anti-degradation laminate or plan module replacement in next scheduled overhaul.
16,PNL-B3-04,2026-09-27T01:56:15.341189,Normal,Normal,0.96,N/A,N/A,41.2,13.2,Resolved,PV module operating within nominal nominal operating cell temperature (NOCT) parameters.,No corrective maintenance required. Maintain regular quarterly thermographic and visual flyover inspection schedule.
17,PNL-B3-05,2026-09-28T12:56:15.361947,Bird Dropping,Critical,0.897,4,8,62.5,34.5,Pending,Avian activity on array perimeters or absence of bird deterrent spikes/wires on PV mounting racks.,Targeted spot cleaning using biodegradable non-abrasive detergent and microfiber wipe. Install bird deterrent spikes or ultrasonic repellers on array mounting perimeters.
18,PNL-B3-06,2026-09-26T16:56:15.382152,Partial Shading,Critical,0.899,4,9,51.3,23.3,Pending,"Vegetation overgrowth (trees, weeds), nearby structures, overhead transmission lines, or inter-row tracker shading.",Trim surrounding vegetation. Re-calibrate tracker azimuth and tilt angles. Consider Module-Level Power Electronics (MLPE) such as DC optimizers to mitigate mismatch.
19,PNL-B4-01,2026-09-27T13:56:15.402984,Normal,Normal,0.98,N/A,N/A,40.0,12.0,Resolved,PV module operating within nominal nominal operating cell temperature (NOCT) parameters.,No corrective maintenance required. Maintain regular quarterly thermographic and visual flyover inspection schedule.
20,PNL-B4-02,2026-09-29T02:56:15.424895,Physical Damage,Critical,0.893,2,9,73.7,45.7,Pending,"Severe hail strike, projectile impact, vandalism, or structural collapse of mounting tracker.",De-energize module string immediately! Lockout/tagout (LOTO) procedures. Safely remove shattered panel wearing personal protective equipment (PPE). Replace with matching IV-curve rated module.
21,PNL-B4-03,2026-09-27T07:56:15.448228,Discoloration,Critical,0.956,6,8,49.3,21.3,Pending,"Ethylene Vinyl Acetate (EVA) encapsulant browning caused by UV exposure, high humidity, and poor additive formulation.",Measure IV-curve fill factor to evaluate resistance changes. Conduct EL inspection to map microcrack root causes. Log degradation rate into predictive maintenance registry.
22,PNL-B4-04,2026-09-28T12:56:15.467917,Cell Defect,Critical,0.892,1,10,66.5,38.5,Pending,"Silicon ingot crystal impurities, wafer dislocation clusters, or metallization peel-off.","Perform anti-PID voltage reversal during nighttime if PID suspected. If crystallographic dead cell, replace bypass diode or bypass panel."
23,PNL-B4-05,2026-09-26T05:56:15.487706,Normal,Normal,0.961,N/A,N/A,40.7,12.7,Resolved,PV module operating within nominal nominal operating cell temperature (NOCT) parameters.,No corrective maintenance required. Maintain regular quarterly thermographic and visual flyover inspection schedule.
24,PNL-B4-06,2026-09-26T23:56:15.509933,Electrical Anomaly,Critical,0.973,1,7,88.7,60.7,Pending,Failed or shorted bypass diode in junction box.,Perform open-circuit voltage (Voc) and short-circuit current (Isc) string test. Open junction box (when de-energized) to check diode integrity with DMM. Inspect MC4 connectors with thermal camera.
